{
  "name": "Drone Image Crop Health",
  "nodes": [
    {
      "parameters": {
        "content": "## Drone Image Crop Health",
        "height": 520,
        "width": 1100
      },
      "id": "5021afba-679d-4168-84d0-ddf4a0bc7335",
      "name": "Sticky",
      "type": "n8n-nodes-base.stickyNote",
      "typeVersion": 1,
      "position": [
        -500,
        -250
      ]
    },
    {
      "parameters": {
        "httpMethod": "POST",
        "path": "drone_image_crop_health"
      },
      "id": "990495aa-c27d-4380-9ea8-c2c379723be0",
      "name": "Webhook",
      "type": "n8n-nodes-base.webhook",
      "typeVersion": 1,
      "position": [
        -300,
        0
      ]
    },
    {
      "parameters": {
        "chunkSize": 400,
        "chunkOverlap": 40
      },
      "id": "10dd6e0f-6225-4179-a7cf-bc2d08425295",
      "name": "Splitter",
      "type": "@n8n/n8n-nodes-langchain.textSplitterCharacterTextSplitter",
      "typeVersion": 1,
      "position": [
        -100,
        0
      ]
    },
    {
      "parameters": {
        "model": "default"
      },
      "id": "bf3dc7ec-7f5e-4f2c-a477-d7c6dc41100d",
      "name": "Embeddings",
      "type": "@n8n/n8n-nodes-langchain.embeddingsOpenAi",
      "typeVersion": 1,
      "position": [
        100,
        0
      ],
      "credentials": {
        "openAiApi": {
          "id": "OPENAI_API",
          "name": "OpenAI"
        }
      }
    },
    {
      "parameters": {
        "mode": "insert",
        "indexName": "drone_image_crop_health"
      },
      "id": "2f5b44a3-5535-4472-900f-3c779acf0c88",
      "name": "Insert",
      "type": "@n8n/n8n-nodes-langchain.vectorStoreSupabase",
      "typeVersion": 1,
      "position": [
        300,
        0
      ],
      "credentials": {
        "supabaseApi": {
          "id": "SUPABASE_API",
          "name": "Supabase account"
        }
      }
    },
    {
      "parameters": {
        "indexName": "drone_image_crop_health"
      },
      "id": "34ff1a82-d55f-4c75-9682-46f6a9e10651",
      "name": "Query",
      "type": "@n8n/n8n-nodes-langchain.vectorStoreSupabase",
      "typeVersion": 1,
      "position": [
        300,
        -180
      ],
      "credentials": {
        "supabaseApi": {
          "id": "SUPABASE_API",
          "name": "Supabase account"
        }
      }
    },
    {
      "parameters": {
        "name": "Supabase"
      },
      "id": "b602a790-75b9-4bd5-9a7f-31d80f1d39b8",
      "name": "Tool",
      "type": "@n8n/n8n-nodes-langchain.toolVectorStore",
      "typeVersion": 1,
      "position": [
        480,
        -180
      ]
    },
    {
      "parameters": {},
      "id": "2a8f124a-9fbe-4415-afc7-6e97fbfd99e9",
      "name": "Memory",
      "type": "@n8n/n8n-nodes-langchain.memoryBufferWindow",
      "typeVersion": 1.3,
      "position": [
        480,
        -40
      ]
    },
    {
      "parameters": {},
      "id": "f94052a9-1f91-4329-808f-3be322180ba4",
      "name": "Chat",
      "type": "@n8n/n8n-nodes-langchain.lmChatAnthropic",
      "typeVersion": 1,
      "position": [
        480,
        -340
      ],
      "credentials": {
        "anthropicApi": {
          "id": "ANTHROPIC_API",
          "name": "Anthropic"
        }
      }
    },
    {
      "parameters": {
        "promptType": "define",
        "text": "={{ $json }}"
      },
      "id": "941c34d6-684f-4aa3-b291-d076b88fe47d",
      "name": "Agent",
      "type": "@n8n/n8n-nodes-langchain.agent",
      "typeVersion": 1,
      "position": [
        760,
        -40
      ]
    },
    {
      "parameters": {
        "operation": "append",
        "documentId": "SHEET_ID",
        "sheetName": "Log"
      },
      "id": "0fce026d-27e0-4ff4-8eae-87f5ab08dbd3",
      "name": "Sheet",
      "type": "n8n-nodes-base.googleSheets",
      "typeVersion": 4,
      "position": [
        960,
        -40
      ],
      "credentials": {
        "googleSheetsOAuth2Api": {
          "id": "SHEETS_API",
          "name": "Sheets"
        }
      }
    }
  ],
  "connections": {
    "Webhook": {
      "main": [
        [
          {
            "node": "Splitter",
            "type": "main",
            "index": 0
          },
          {
            "node": "Memory",
            "type": "main",
            "index": 0
          }
        ]
      ]
    },
    "Splitter": {
      "main": [
        [
          {
            "node": "Embeddings",
            "type": "main",
            "index": 0
          }
        ]
      ],
      "ai_textSplitter": [
        [
          {
            "node": "Insert",
            "type": "ai_textSplitter",
            "index": 0
          }
        ]
      ]
    },
    "Embeddings": {
      "ai_embedding": [
        [
          {
            "node": "Insert",
            "type": "ai_embedding",
            "index": 0
          },
          {
            "node": "Query",
            "type": "ai_embedding",
            "index": 0
          }
        ]
      ]
    },
    "Insert": {
      "ai_document": [
        []
      ]
    },
    "Query": {
      "ai_vectorStore": [
        [
          {
            "node": "Tool",
            "type": "ai_vectorStore",
            "index": 0
          }
        ]
      ]
    },
    "Tool": {
      "ai_tool": [
        [
          {
            "node": "Agent",
            "type": "ai_tool",
            "index": 0
          }
        ]
      ]
    },
    "Memory": {
      "ai_memory": [
        [
          {
            "node": "Agent",
            "type": "ai_memory",
            "index": 0
          }
        ]
      ]
    },
    "Chat": {
      "ai_languageModel": [
        [
          {
            "node": "Agent",
            "type": "ai_languageModel",
            "index": 0
          }
        ]
      ]
    },
    "Agent": {
      "main": [
        [
          {
            "node": "Sheet",
            "type": "main",
            "index": 0
          }
        ]
      ]
    }
  },
  "settings": {
    "executionOrder": "v1"
  }
}